1303,8414,3462,3262.00,4,2024-09-15 16:07:34
1304,6517,17886,3160.00,2,2024-09-15 16:07:34
1305,7634,78879,2096.00,3,2024-09-15 16:07:34
1306,6009,60922,3391.00,5,2024-09-15 16:07:34
1307,5982,4065,2838.00,4,2024-09-15 16:07:34
1308,7139,8060,936.00,5,2024-09-15 16:07:34
1309,8305,59469,3066.00,1,2024-09-15 16:07:34
1310,8888,44178,4433.00,3,2024-09-15 16:07:34
1311,7683,475,4121.00,1,2024-09-15 16:07:34
1312,7344,8322,3945.00,3,2024-09-15 16:07:34
1313,8476,7289,4538.00,5,2024-09-15 16:07:34
1314,8523,78939,655.00,5,2024-09-15 16:07:34
1315,8311,74840,1666.00,1,2024-09-15 16:07:34
1316,8339,46765,886.00,5,2024-09-15 16:07:34
1317,8052,11051,1214.00,2,2024-09-15 16:07:34
1318,8626,81596,77.00,1,2024-09-15 16:07:34
1319,6971,77511,81.00,5,2024-09-15 16:07:34
1320,5734,55274,1750.00,2,2024-09-15 16:07:34
1321,6968,67872,4793.00,4,2024-09-15 16:07:34
1322,7467,52230,1729.00,1,2024-09-15 16:07:34
1323,6588,13700,2927.00,2,2024-09-15 16:07:34
1324,7782,28493,1626.00,1,2024-09-15 16:07:34
1325,7328,40656,4418.00,3,2024-09-15 16:07:34
1326,7916,2153,4636.00,4,2024-09-15 16:07:34
1327,7794,60280,339.00,5,2024-09-15 16:07:34
1328,6034,28596,2365.00,5,2024-09-15 16:07:34
1329,7608,70948,4892.00,5,2024-09-15 16:07:34
1330,8476,45511,4538.00,4,2024-09-15 16:07:34
1331,6646,60509,2428.00,1,2024-09-15 16:07:34
1332,6535,8327,895.00,5,2024-09-15 16:07:34
1333,8573,13491,2718.00,4,2024-09-15 16:07:34
1334,7868,6283,3457.00,2,2024-09-15 16:07:34
1335,6241,29156,2263.00,3,2024-09-15 16:07:34
1336,8986,3397,4418.00,3,2024-09-15 16:07:34
1337,6530,16281,3602.00,3,2024-09-15 16:07:34
1338,8540,1647,1494.00,1,2024-09-15 16:07:34
1339,8518,66624,595.00,3,2024-09-15 16:07:34
1340,8484,23964,4365.00,5,2024-09-15 16:07:34
1341,8459,79198,3228.00,5,2024-09-15 16:07:34
1342,8628,34789,1681.00,5,2024-09-15 16:07:34
1343,6587,86253,1112.00,5,2024-09-15 16:07:34
1344,6727,11016,3236.00,5,2024-09-15 16:07:34
1345,6434,44406,2825.00,4,2024-09-15 16:07:34
1346,8977,39977,3781.00,5,2024-09-15 16:07:34
1347,8410,69774,2669.00,1,2024-09-15 16:07:34
1348,7295,52204,3727.00,2,2024-09-15 16:07:34
1349,8874,14076,2169.00,3,2024-09-15 16:07:34
1350,6307,34071,1186.00,5,2024-09-15 16:07:34
1351,8805,69534,1230.00,4,2024-09-15 16:07:34
1352,7975,57106,176.00,3,2024-09-15 16:07:34
1353,6969,86331,1047.00,4,2024-09-15 16:07:34
1354,5872,86853,196.00,2,2024-09-15 16:07:34
1355,6083,22905,4833.00,5,2024-09-15 16:07:34
1356,6433,78291,3234.00,3,2024-09-15 16:07:34
1357,6070,26984,3523.00,2,2024-09-15 16:07:34
1358,6509,68476,3121.00,1,2024-09-15 16:07:34
1359,6375,29849,1836.00,5,2024-09-15 16:07:34
1360,7306,36652,86.00,2,2024-09-15 16:07:34
1361,7628,42404,2372.00,1,2024-09-15 16:07:34
1362,8088,51991,3984.00,4,2024-09-15 16:07:34
1363,7728,62810,4754.00,1,2024-09-15 16:07:34
1364,7368,77385,4394.00,3,2024-09-15 16:07:34
1365,8165,11945,4149.00,5,2024-09-15 16:07:34
1366,6582,68555,1099.00,1,2024-09-15 16:07:34
1367,7441,8500,2970.00,2,2024-09-15 16:07:34
1368,7449,88375,3065.00,3,2024-09-15 16:07:34
1369,8553,75496,1008.00,4,2024-09-15 16:07:34
1370,7294,15532,2214.00,4,2024-09-15 16:07:34
1371,8258,87363,2842.00,1,2024-09-15 16:07:34
1372,6454,49801,1794.00,2,2024-09-15 16:07:34
1373,6126,20709,3672.00,2,2024-09-15 16:07:34
1374,5662,60873,4620.00,5,2024-09-15 16:07:34
1375,7351,24602,565.00,3,2024-09-15 16:07:34
1376,8249,63861,769.00,5,2024-09-15 16:07:34
1377,5680,89403,2641.00,3,2024-09-15 16:07:34
1378,6355,75028,2474.00,2,2024-09-15 16:07:34
1379,6971,18886,81.00,2,2024-09-15 16:07:34
1380,8142,61565,3550.00,1,2024-09-15 16:07:34
1381,5841,89387,3728.00,3,2024-09-15 16:07:34
1382,6582,11705,1099.00,3,2024-09-15 16:07:34
1383,8225,7922,4702.00,1,2024-09-15 16:07:34
1384,8953,45523,4840.00,4,2024-09-15 16:07:34
1385,7173,88997,3630.00,3,2024-09-15 16:07:34
1386,6709,59654,702.00,5,2024-09-15 16:07:34
1387,7765,30990,100.00,1,2024-09-15 16:07:34
1388,8693,17202,1521.00,5,2024-09-15 16:07:34
1389,8198,18987,758.00,2,2024-09-15 16:07:34
1390,8038,31043,4460.00,3,2024-09-15 16:07:34
1391,5966,87552,1318.00,1,2024-09-15 16:07:34
1392,8619,79987,161.00,2,2024-09-15 16:07:34
1393,8349,68080,4912.00,5,2024-09-15 16:07:34
1394,8030,27140,2733.00,4,2024-09-15 16:07:34
1395,8489,1612,252.00,5,2024-09-15 16:07:34
1396,8847,31731,2417.00,3,2024-09-15 16:07:34
1397,7612,14906,239.00,3,2024-09-15 16:07:34
1398,7545,35340,1803.00,3,2024-09-15 16:07:34
1399,7852,10271,70.00,1,2024-09-15 16:07:34
1400,8071,86588,3861.00,1,2024-09-15 16:07:34
1401,8891,2384,3381.00,3,2024-09-15 16:07:34
1402,6958,76887,2906.00,5,2024-09-15 16:07:34
1403,7764,28890,3278.00,1,2024-09-15 16:07:34
1404,8541,53379,1527.00,4,2024-09-15 16:07:34
1405,6454,66915,1794.00,1,2024-09-15 16:07:34
1406,6387,3242,3408.00,3,2024-09-15 16:07:34
1407,8377,21562,2523.00,4,2024-09-15 16:07:34
1408,7656,45009,3120.00,4,2024-09-15 16:07:34
1409,7294,31741,2214.00,4,2024-09-15 16:07:34
1410,5643,58825,1619.00,1,2024-09-15 16:07:34
1411,7321,8976,4010.00,4,2024-09-15 16:07:34
1412,8048,38671,1797.00,4,2024-09-15 16:07:34
1413,7107,14470,2133.00,3,2024-09-15 16:07:34
1414,5662,28580,4620.00,1,2024-09-15 16:07:34
1415,8376,27256,4585.00,2,2024-09-15 16:07:34
1416,6708,67606,2279.00,1,2024-09-15 16:07:34
1417,5913,36322,4310.00,3,2024-09-15 16:07:34
1418,6142,56544,4415.00,2,2024-09-15 16:07:34
1419,8891,60190,3381.00,4,2024-09-15 16:07:34
1420,7321,53660,4010.00,4,2024-09-15 16:07:34
1421,8519,72346,3054.00,2,2024-09-15 16:07:34
1422,8486,77569,3589.00,2,2024-09-15 16:07:34
1423,5825,48778,4740.00,3,2024-09-15 16:07:34
1424,6759,64444,1350.00,1,2024-09-15 16:07:34
1425,7190,13521,2748.00,2,2024-09-15 16:07:34
1426,5980,61778,4793.00,2,2024-09-15 16:07:34
1427,5662,47494,4620.00,4,2024-09-15 16:07:34
1428,8395,14872,366.00,4,2024-09-15 16:07:34
1429,6800,4831,2616.00,4,2024-09-15 16:07:34
1430,6352,81398,738.00,3,2024-09-15 16:07:34
1431,8335,85750,977.00,5,2024-09-15 16:07:34
1432,7041,70332,534.00,4,2024-09-15 16:07:34
1433,5679,46072,1454.00,2,2024-09-15 16:07:34
1434,8213,62987,4656.00,4,2024-09-15 16:07:34
1435,7452,24483,1608.00,4,2024-09-15 16:07:34
1436,7030,9501,2933.00,4,2024-09-15 16:07:34
1437,6347,30719,149.00,2,2024-09-15 16:07:34
1438,6070,65174,3523.00,2,2024-09-15 16:07:34
1439,8629,75978,621.00,1,2024-09-15 16:07:34
1440,8189,76770,366.00,5,2024-09-15 16:07:34
1441,5874,28156,4587.00,3,2024-09-15 16:07:34
1442,7506,85127,3978.00,5,2024-09-15 16:07:34
1443,6302,29432,1717.00,5,2024-09-15 16:07:34
1444,7487,17034,165.00,2,2024-09-15 16:07:34
1445,6290,25792,1450.00,3,2024-09-15 16:07:34
1446,8397,82935,412.00,5,2024-09-15 16:07:34
1447,8825,10547,1506.00,4,2024-09-15 16:07:34
1448,5940,53360,4598.00,3,2024-09-15 16:07:34
1449,8782,23651,695.00,1,2024-09-15 16:07:34
1450,7850,27380,164.00,4,2024-09-15 16:07:34
1451,7849,21139,2007.00,1,2024-09-15 16:07:34
1452,7518,40816,2570.00,5,2024-09-15 16:07:34
1453,5945,54991,2448.00,3,2024-09-15 16:07:34
1454,6348,36739,823.00,1,2024-09-15 16:07:34
1455,8108,55875,1038.00,1,2024-09-15 16:07:34
1456,8295,50550,206.00,2,2024-09-15 16:07:34
1457,8074,71841,3289.00,1,2024-09-15 16:07:34
1458,5809,39527,111.00,1,2024-09-15 16:07:34
1459,7520,37868,4711.00,1,2024-09-15 16:07:34
1460,8298,65599,2072.00,4,2024-09-15 16:07:34
1461,5672,82984,1276.00,2,2024-09-15 16:07:34
1462,7232,44991,3079.00,1,2024-09-15 16:07:34
1463,8179,41504,3582.00,1,2024-09-15 16:07:34
1464,7168,79051,690.00,1,2024-09-15 16:07:34
1465,7123,28491,4876.00,2,2024-09-15 16:07:34
1466,6031,86046,2403.00,2,2024-09-15 16:07:34
1467,6935,85930,4327.00,5,2024-09-15 16:07:34
1468,8449,7462,4885.00,1,2024-09-15 16:07:34
1469,6899,46567,1530.00,4,2024-09-15 16:07:34
1470,7162,61546,2514.00,5,2024-09-15 16:07:34
1471,7132,54526,1784.00,3,2024-09-15 16:07:34
1472,7385,26136,1818.00,1,2024-09-15 16:07:34
1473,7064,2578,965.00,3,2024-09-15 16:07:34
1474,6850,78019,716.00,5,2024-09-15 16:07:34
1475,5668,8498,4805.00,5,2024-09-15 16:07:34
1476,7064,79970,965.00,2,2024-09-15 16:07:34
1477,7799,33851,1774.00,1,2024-09-15 16:07:34
1478,6980,17826,2549.00,3,2024-09-15 16:07:34
1479,8399,2833,563.00,2,2024-09-15 16:07:34
1480,5888,71128,3797.00,1,2024-09-15 16:07:34
1481,7273,72756,2077.00,4,2024-09-15 16:07:34
1482,6355,85138,2474.00,1,2024-09-15 16:07:34
1483,5656,22536,1689.00,5,2024-09-15 16:07:34
1484,6356,38963,2224.00,1,2024-09-15 16:07:34
1485,6573,61032,1292.00,2,2024-09-15 16:07:34
1486,7951,51880,3892.00,3,2024-09-15 16:07:34
1487,8103,59636,158.00,3,2024-09-15 16:07:34
1488,6472,40560,2470.00,2,2024-09-15 16:07:34
1489,8968,62670,1829.00,2,2024-09-15 16:07:34
1490,7056,404,3086.00,3,2024-09-15 16:07:34
1491,5986,33819,3826.00,3,2024-09-15 16:07:34
1492,6246,8698,4513.00,4,2024-09-15 16:07:34
1493,6049,27908,3919.00,2,2024-09-15 16:07:34
1494,5947,38982,2129.00,1,2024-09-15 16:07:34
1495,7409,80640,3125.00,2,2024-09-15 16:07:34
1496,7607,66718,1425.00,3,2024-09-15 16:07:34
1497,8733,34937,1300.00,1,2024-09-15 16:07:34
1498,6839,73439,3758.00,5,2024-09-15 16:07:34
1499,6938,35404,3308.00,4,2024-09-15 16:07:34
1500,8980,59770,2475.00,5,2024-09-15 16:07:34
1501,5642,45930,4567.00,5,2024-09-15 16:07:34
1502,8357,1483,2924.00,1,2024-09-15 16:07:34
1503,6053,25731,1219.00,4,2024-09-15 16:07:34
1504,6301,25726,2446.00,2,2024-09-15 16:07:34
1505,7994,54983,2176.00,4,2024-09-15 16:07:34
1506,8234,34987,169.00,3,2024-09-15 16:07:34
1507,6538,69267,2256.00,3,2024-09-15 16:07:34
1508,6162,70119,3522.00,1,2024-09-15 16:07:34
1509,8466,19554,3965.00,1,2024-09-15 16:07:34
1510,8082,5296,1533.00,3,2024-09-15 16:07:34
1511,6346,76989,3045.00,5,2024-09-15 16:07:34
1512,8774,26528,1765.00,4,2024-09-15 16:07:34
1513,7500,55040,3285.00,1,2024-09-15 16:07:34
1514,6601,22958,4661.00,1,2024-09-15 16:07:34
1515,8532,56127,937.00,4,2024-09-15 16:07:34
1516,7983,70095,3339.00,5,2024-09-15 16:07:34
1517,5911,43830,4555.00,3,2024-09-15 16:07:34
1518,6850,45815,716.00,2,2024-09-15 16:07:34
1519,7047,72784,4434.00,5,2024-09-15 16:07:34
1520,8035,57779,4973.00,1,2024-09-15 16:07:34
1521,6754,64502,2813.00,1,2024-09-15 16:07:34
1522,8191,64169,4587.00,1,2024-09-15 16:07:34
1523,6932,21474,2176.00,5,2024-09-15 16:07:34
1524,8886,65358,1334.00,5,2024-09-15 16:07:34
1525,5756,21336,4270.00,1,2024-09-15 16:07:34
1526,5611,42880,1544.00,1,2024-09-15 16:07:34
1527,5650,44465,4884.00,5,2024-09-15 16:07:34
1528,8539,354,2420.00,2,2024-09-15 16:07:34
1529,7987,17865,1535.00,1,2024-09-15 16:07:34
1530,6754,63697,2813.00,1,2024-09-15 16:07:34
1531,8321,40214,2125.00,5,2024-09-15 16:07:34
1532,6210,52995,760.00,2,2024-09-15 16:07:34
1533,6485,278,2909.00,4,2024-09-15 16:07:34
1534,6594,33568,1411.00,3,2024-09-15 16:07:34
1535,8145,126,1143.00,4,2024-09-15 16:07:34
1536,8390,30013,4096.00,3,2024-09-15 16:07:34
1537,8512,71339,3430.00,5,2024-09-15 16:07:34
1538,5635,66833,149.00,2,2024-09-15 16:07:34
1539,6787,22564,2005.00,3,2024-09-15 16:07:34
1540,8477,56701,1235.00,3,2024-09-15 16:07:34
1541,6758,33497,4019.00,5,2024-09-15 16:07:34
1542,5709,66329,157.00,4,2024-09-15 16:07:34
1543,6814,64616,2797.00,4,2024-09-15 16:07:34
1544,5727,83245,2463.00,5,2024-09-15 16:07:34
1545,8536,2361,4846.00,2,2024-09-15 16:07:34
1546,7319,29062,4464.00,3,2024-09-15 16:07:34
1547,5652,79352,90.00,1,2024-09-15 16:07:34
1548,8450,53768,1077.00,4,2024-09-15 16:07:34
1549,7840,73045,3143.00,3,2024-09-15 16:07:34
1550,8204,87331,4309.00,5,2024-09-15 16:07:34
1551,8964,19277,314.00,4,2024-09-15 16:07:34
1552,8941,6134,4224.00,3,2024-09-15 16:07:34
1553,7540,24677,4446.00,1,2024-09-15 16:07:34
1554,7434,43135,630.00,2,2024-09-15 16:07:34
1555,8039,53042,935.00,1,2024-09-15 16:07:34
1556,7565,3731,2498.00,5,2024-09-15 16:07:34
1557,8203,20452,4007.00,4,2024-09-15 16:07:34
1558,6312,15438,3996.00,1,2024-09-15 16:07:34
1559,6169,9165,4232.00,1,2024-09-15 16:07:34
1560,7110,39907,4974.00,3,2024-09-15 16:07:34
1561,7901,74111,1196.00,3,2024-09-15 16:07:34
1562,6671,54740,2601.00,3,2024-09-15 16:07:34
1563,6537,88721,601.00,5,2024-09-15 16:07:34
1564,6060,14052,227.00,1,2024-09-15 16:07:34
1565,7281,15730,2448.00,3,2024-09-15 16:07:34
1566,8311,38562,1666.00,1,2024-09-15 16:07:34
1567,8103,84141,158.00,2,2024-09-15 16:07:34
1568,5910,11776,4876.00,1,2024-09-15 16:07:34
1569,8970,81131,2870.00,5,2024-09-15 16:07:34
1570,7833,77529,426.00,4,2024-09-15 16:07:34
1571,6897,6330,4787.00,1,2024-09-15 16:07:34
1572,7942,69964,2183.00,3,2024-09-15 16:07:34
1573,7609,30990,3920.00,4,2024-09-15 16:07:34
1574,7801,34935,594.00,5,2024-09-15 16:07:34
1575,7051,67915,580.00,5,2024-09-15 16:07:34
1576,8770,87752,4533.00,3,2024-09-15 16:07:34
1577,7575,6523,3761.00,2,2024-09-15 16:07:34
1578,5709,45988,157.00,1,2024-09-15 16:07:34
1579,8981,3102,3089.00,5,2024-09-15 16:07:34
1580,7697,81478,4202.00,5,2024-09-15 16:07:34
1581,7753,88500,1153.00,4,2024-09-15 16:07:34
1582,5690,11903,2560.00,2,2024-09-15 16:07:34
1583,6719,25432,4217.00,1,2024-09-15 16:07:34
1584,8075,45517,618.00,2,2024-09-15 16:07:34
1585,7906,81278,1951.00,3,2024-09-15 16:07:34
1586,5652,4759,90.00,3,2024-09-15 16:07:34
1587,6090,9600,1292.00,1,2024-09-15 16:07:34
1588,8940,52951,3715.00,4,2024-09-15 16:07:34
1589,6267,88828,2748.00,1,2024-09-15 16:07:34
1590,7380,50630,1461.00,4,2024-09-15 16:07:34
1591,6882,76886,2740.00,1,2024-09-15 16:07:34
1592,5960,4483,1126.00,2,2024-09-15 16:07:34
1593,5911,41952,4555.00,4,2024-09-15 16:07:34
1594,7680,9882,973.00,2,2024-09-15 16:07:34
1595,6917,1764,490.00,3,2024-09-15 16:07:34
1596,6978,23402,1782.00,1,2024-09-15 16:07:34
1597,6936,9787,3340.00,4,2024-09-15 16:07:34
1598,8502,28683,264.00,3,2024-09-15 16:07:34
1599,5654,46387,3861.00,3,2024-09-15 16:07:34
1600,5607,19231,1164.00,1,2024-09-15 16:07:34
1601,7365,46684,2741.00,5,2024-09-15 16:07:34
1602,8136,30567,1755.00,5,2024-09-15 16:07:34
1603,6386,43415,3572.00,3,2024-09-15 16:07:34
1604,8941,58326,4224.00,2,2024-09-15 16:07:34
1605,6868,33540,4800.00,4,2024-09-15 16:07:34
1606,7740,70604,4415.00,5,2024-09-15 16:07:34
1607,5706,6148,317.00,5,2024-09-15 16:07:34
1608,8532,58827,937.00,2,2024-09-15 16:07:34
1609,7518,79647,2570.00,4,2024-09-15 16:07:34
1610,6040,56116,4221.00,5,2024-09-15 16:07:34
1611,8854,30594,1492.00,1,2024-09-15 16:07:34
1612,7186,10510,2691.00,3,2024-09-15 16:07:34
1613,6315,77783,4825.00,3,2024-09-15 16:07:34
1614,8156,53869,2011.00,4,2024-09-15 16:07:34
1615,8969,57147,4612.00,2,2024-09-15 16:07:34
1616,7009,11809,4850.00,2,2024-09-15 16:07:34
1617,6932,76483,2176.00,4,2024-09-15 16:07:34
1618,8967,24593,4385.00,5,2024-09-15 16:07:34
1619,8005,9600,3558.00,4,2024-09-15 16:07:34
1620,6123,18088,4075.00,5,2024-09-15 16:07:34
1621,6154,58622,1122.00,1,2024-09-15 16:07:34
1622,7204,59580,4523.00,3,2024-09-15 16:07:34
1623,8313,38455,2036.00,4,2024-09-15 16:07:34
1624,6782,21568,2391.00,3,2024-09-15 16:07:34
1625,6749,25232,1544.00,5,2024-09-15 16:07:34
1626,6841,7182,1816.00,2,2024-09-15 16:07:34
1627,6681,56627,836.00,3,2024-09-15 16:07:34
1628,8225,23997,4702.00,3,2024-09-15 16:07:34
1629,6451,61744,3339.00,4,2024-09-15 16:07:34
1630,7834,78076,1109.00,4,2024-09-15 16:07:34
1631,6276,45518,522.00,3,2024-09-15 16:07:34
1632,7971,76138,405.00,2,2024-09-15 16:07:34
1633,5901,67505,1812.00,3,2024-09-15 16:07:34
1634,7954,11093,3590.00,5,2024-09-15 16:07:34
1635,5941,51498,3577.00,4,2024-09-15 16:07:34
1636,7591,75334,3770.00,1,2024-09-15 16:07:34
1637,8685,64164,512.00,1,2024-09-15 16:07:34
1638,7381,50173,1243.00,3,2024-09-15 16:07:34
1639,8635,38477,122.00,5,2024-09-15 16:07:34
1640,6168,73192,1638.00,5,2024-09-15 16:07:34
1641,7409,30126,3125.00,4,2024-09-15 16:07:34
1642,6866,32566,2869.00,1,2024-09-15 16:07:34
1643,8024,28746,4506.00,3,2024-09-15 16:07:34
1644,6703,31916,1007.00,4,2024-09-15 16:07:34
1645,5834,8722,1877.00,2,2024-09-15 16:07:34
1646,8313,80073,2036.00,4,2024-09-15 16:07:34
1647,7241,39348,993.00,3,2024-09-15 16:07:34
1648,8589,32672,631.00,4,2024-09-15 16:07:34
1649,7788,66731,4244.00,1,2024-09-15 16:07:34
1650,8861,41732,661.00,5,2024-09-15 16:07:34
1651,6638,16201,3802.00,5,2024-09-15 16:07:34
1652,6646,86126,2428.00,3,2024-09-15 16:07:34
1653,8489,41474,252.00,4,2024-09-15 16:07:34
1654,6440,27724,3674.00,1,2024-09-15 16:07:34
1655,7002,61178,1500.00,1,2024-09-15 16:07:34
1656,6462,6947,2616.00,5,2024-09-15 16:07:34
1657,6946,84691,1061.00,2,2024-09-15 16:07:34
1658,7881,83840,2414.00,3,2024-09-15 16:07:34
1659,6325,7680,4073.00,4,2024-09-15 16:07:34
1660,5880,84912,431.00,3,2024-09-15 16:07:34
1661,7164,41252,2018.00,5,2024-09-15 16:07:34
1662,7296,38550,3079.00,2,2024-09-15 16:07:34
1663,6276,58164,522.00,5,2024-09-15 16:07:34
1664,6785,36163,4764.00,3,2024-09-15 16:07:34
1665,7343,56929,4338.00,3,2024-09-15 16:07:34
1666,7917,38,2254.00,3,2024-09-15 16:07:34
1667,8429,29854,3156.00,2,2024-09-15 16:07:34
1668,6162,14003,3522.00,5,2024-09-15 16:07:34
1669,6282,33144,1668.00,1,2024-09-15 16:07:34
1670,7078,66848,1444.00,1,2024-09-15 16:07:34
1671,5664,72823,3546.00,2,2024-09-15 16:07:34
1672,7628,23814,2372.00,5,2024-09-15 16:07:34
1673,6374,28736,1860.00,2,2024-09-15 16:07:34
1674,7098,40638,3803.00,5,2024-09-15 16:07:34
1675,7385,60672,1818.00,1,2024-09-15 16:07:34
1676,6032,5295,2910.00,3,2024-09-15 16:07:34
1677,8518,40427,595.00,4,2024-09-15 16:07:34
1678,6535,53632,895.00,5,2024-09-15 16:07:34
1679,8749,67670,4418.00,2,2024-09-15 16:07:34
1680,6019,14572,1419.00,5,2024-09-15 16:07:34
1681,6882,20970,2740.00,2,2024-09-15 16:07:34
1682,8758,15189,3775.00,3,2024-09-15 16:07:34
1683,7660,65753,3254.00,5,2024-09-15 16:07:34
1684,6521,85198,2873.00,1,2024-09-15 16:07:34
1685,6551,19188,1078.00,3,2024-09-15 16:07:34
1686,8018,47327,4300.00,2,2024-09-15 16:07:34
1687,6484,75291,3975.00,2,2024-09-15 16:07:34
1688,5678,89484,3706.00,3,2024-09-15 16:07:34
1689,8024,87466,4506.00,2,2024-09-15 16:07:34
1690,5708,87243,1569.00,5,2024-09-15 16:07:34
1691,8714,13566,3174.00,3,2024-09-15 16:07:34
1692,7342,40210,2062.00,4,2024-09-15 16:07:34
1693,7131,2960,887.00,2,2024-09-15 16:07:34
1694,7791,42201,2138.00,5,2024-09-15 16:07:34
1695,5829,82711,4439.00,4,2024-09-15 16:07:34
1696,6315,18400,4825.00,4,2024-09-15 16:07:34
1697,8462,62121,2281.00,3,2024-09-15 16:07:34
1698,7769,76154,3048.00,4,2024-09-15 16:07:34
1699,6020,14122,3279.00,2,2024-09-15 16:07:34
1700,6813,64986,1519.00,1,2024-09-15 16:07:34
1701,7591,487,3770.00,2,2024-09-15 16:07:34
1702,5668,2165,4805.00,4,2024-09-15 16:07:34
1703,8796,25477,528.00,4,2024-09-15 16:07:34
1704,5670,64661,2853.00,4,2024-09-15 16:07:34
1705,8492,20898,4091.00,1,2024-09-15 16:07:34
1706,6773,17915,3516.00,4,2024-09-15 16:07:34
1707,8192,87092,2559.00,1,2024-09-15 16:07:34
1708,5613,14687,1119.00,2,2024-09-15 16:07:34
1709,6253,78356,1763.00,4,2024-09-15 16:07:34
1710,7872,43466,576.00,5,2024-09-15 16:07:34
1711,6602,77381,565.00,4,2024-09-15 16:07:34
1712,8073,2085,4440.00,3,2024-09-15 16:07:34
1713,6042,23449,4820.00,5,2024-09-15 16:07:34
1714,8094,47924,858.00,3,2024-09-15 16:07:34
1715,7701,28114,802.00,4,2024-09-15 16:07:34
1716,7903,6287,797.00,3,2024-09-15 16:07:34
1717,6299,61359,2864.00,1,2024-09-15 16:07:34
1718,8480,19076,720.00,5,2024-09-15 16:07:34
1719,7009,79429,4850.00,5,2024-09-15 16:07:34
1720,6302,60627,1717.00,5,2024-09-15 16:07:34
1721,6909,50736,3620.00,3,2024-09-15 16:07:34
1722,6990,45673,406.00,4,2024-09-15 16:07:34
1723,5831,45150,4728.00,2,2024-09-15 16:07:34
1724,7766,40182,3656.00,5,2024-09-15 16:07:34
1725,8918,46566,2420.00,2,2024-09-15 16:07:34
1726,5725,84912,1304.00,3,2024-09-15 16:07:34
1727,8817,18729,1233.00,1,2024-09-15 16:07:34
1728,6129,30213,2665.00,2,2024-09-15 16:07:34
1729,6098,6403,2273.00,5,2024-09-15 16:07:34
1730,7475,62889,3649.00,4,2024-09-15 16:07:34
1731,6214,86343,4748.00,2,2024-09-15 16:07:34
1732,6099,48141,2117.00,1,2024-09-15 16:07:34
1733,7978,41996,4189.00,1,2024-09-15 16:07:34
1734,6725,28444,4797.00,5,2024-09-15 16:07:34
1735,5662,60077,4620.00,4,2024-09-15 16:07:34
1736,8647,88478,3823.00,3,2024-09-15 16:07:34
1737,8081,45226,3783.00,3,2024-09-15 16:07:34
1738,6303,81099,2098.00,4,2024-09-15 16:07:34
1739,6573,43134,1292.00,5,2024-09-15 16:07:34
1740,7960,3593,321.00,1,2024-09-15 16:07:34
1741,6753,48024,558.00,5,2024-09-15 16:07:34
1742,8317,85601,1130.00,5,2024-09-15 16:07:34
1743,8177,54556,3101.00,5,2024-09-15 16:07:34
1744,6738,17855,4884.00,4,2024-09-15 16:07:34
1745,8203,71529,4007.00,2,2024-09-15 16:07:34
1746,8324,9549,3654.00,5,2024-09-15 16:07:34
1747,6739,42165,230.00,1,2024-09-15 16:07:34
1748,7934,66817,4391.00,2,2024-09-15 16:07:34
1749,8363,40303,4895.00,1,2024-09-15 16:07:34
1750,7188,85871,4337.00,4,2024-09-15 16:07:34
1751,7218,28430,3326.00,1,2024-09-15 16:07:34
1752,7879,83773,513.00,2,2024-09-15 16:07:34
1753,6612,6740,4690.00,3,2024-09-15 16:07:34
1754,7638,15235,3758.00,4,2024-09-15 16:07:34
1755,6666,45394,296.00,1,2024-09-15 16:07:34
1756,6565,82008,2892.00,4,2024-09-15 16:07:34
1757,6099,70118,2117.00,4,2024-09-15 16:07:34
1758,6316,20907,4070.00,5,2024-09-15 16:07:34
1759,7035,76732,1223.00,3,2024-09-15 16:07:34
1760,6145,74286,280.00,2,2024-09-15 16:07:34
1761,7449,23090,3065.00,2,2024-09-15 16:07:34
1762,8850,61330,1827.00,3,2024-09-15 16:07:34
1763,8820,46285,3202.00,3,2024-09-15 16:07:34
1764,7115,27553,169.00,1,2024-09-15 16:07:34
1765,6377,12241,79.00,5,2024-09-15 16:07:34
1766,8909,22084,3166.00,1,2024-09-15 16:07:34
1767,8347,9560,4404.00,5,2024-09-15 16:07:34
1768,6754,48671,2813.00,4,2024-09-15 16:07:34
1769,7917,35971,2254.00,2,2024-09-15 16:07:34
1770,8881,22750,2296.00,1,2024-09-15 16:07:34
1771,5763,40379,1823.00,4,2024-09-15 16:07:34
1772,7896,37856,3911.00,1,2024-09-15 16:07:34
1773,7319,39324,4464.00,1,2024-09-15 16:07:34
1774,6215,80192,3095.00,5,2024-09-15 16:07:34
1775,8265,84884,762.00,4,2024-09-15 16:07:34
1776,8487,86170,2260.00,3,2024-09-15 16:07:34
1777,5808,31541,4182.00,5,2024-09-15 16:07:34
1778,7474,87487,654.00,3,2024-09-15 16:07:34
1779,7709,80166,606.00,3,2024-09-15 16:07:34
1780,6220,85014,1015.00,2,2024-09-15 16:07:34
1781,6839,22085,3758.00,4,2024-09-15 16:07:34
1782,5764,14125,4884.00,4,2024-09-15 16:07:34
1783,5927,47767,897.00,2,2024-09-15 16:07:34
1784,6301,37001,2446.00,5,2024-09-15 16:07:34
1785,6681,971,836.00,4,2024-09-15 16:07:34
1786,8963,57717,2639.00,2,2024-09-15 16:07:34
1787,8685,78770,512.00,4,2024-09-15 16:07:34
1788,8151,67508,709.00,3,2024-09-15 16:07:34
1789,8111,16538,2622.00,3,2024-09-15 16:07:34
1790,8302,48844,1229.00,1,2024-09-15 16:07:34
1791,6493,12799,2985.00,1,2024-09-15 16:07:34
1792,7689,43629,2216.00,3,2024-09-15 16:07:34
1793,7826,35281,1188.00,1,2024-09-15 16:07:34
1794,7217,52101,715.00,1,2024-09-15 16:07:34
1795,7180,77460,2879.00,2,2024-09-15 16:07:34
1796,8555,27293,224.00,3,2024-09-15 16:07:34
1797,8459,68510,3228.00,3,2024-09-15 16:07:34
1798,7473,76,2700.00,3,2024-09-15 16:07:34
1799,6142,55538,4415.00,5,2024-09-15 16:07:34
1800,8873,27435,3442.00,5,2024-09-15 16:07:34
1801,8339,81168,886.00,1,2024-09-15 16:07:34
1802,6608,8336,1928.00,1,2024-09-15 16:07:34
1803,7471,79176,4620.00,5,2024-09-15 16:07:34
1804,6762,27600,3223.00,1,2024-09-15 16:07:34
1805,5772,75714,4214.00,5,2024-09-15 16:07:34
1806,8817,50690,1233.00,5,2024-09-15 16:07:34
1807,6098,69384,2273.00,2,2024-09-15 16:07:34
1808,8982,20998,3426.00,3,2024-09-15 16:07:34
1809,6103,85814,1818.00,3,2024-09-15 16:07:34
1810,7957,45325,4109.00,4,2024-09-15 16:07:34
1811,7592,7517,4297.00,3,2024-09-15 16:07:34
1812,7766,6771,3656.00,2,2024-09-15 16:07:34
1813,6080,68131,3004.00,5,2024-09-15 16:07:34
1814,6167,15273,1210.00,2,2024-09-15 16:07:34
1815,6618,14027,4748.00,2,2024-09-15 16:07:34
1816,6215,67616,3095.00,5,2024-09-15 16:07:34
1817,7071,66389,1727.00,3,2024-09-15 16:07:34
1818,8885,30735,2901.00,1,2024-09-15 16:07:34
1819,7977,13706,4157.00,4,2024-09-15 16:07:34
1820,6194,22156,3580.00,4,2024-09-15 16:07:34
1821,7680,64331,973.00,2,2024-09-15 16:07:34
1822,8484,51028,4365.00,3,2024-09-15 16:07:34
1823,7661,82924,4446.00,2,2024-09-15 16:07:34
1824,6968,45909,4793.00,1,2024-09-15 16:07:34
1825,5954,25125,1751.00,5,2024-09-15 16:07:34
1826,7150,34419,3727.00,1,2024-09-15 16:07:34
1827,8170,14509,3474.00,2,2024-09-15 16:07:34
1828,7015,45870,3096.00,4,2024-09-15 16:07:34
1829,6668,30980,2037.00,1,2024-09-15 16:07:34
1830,6049,18301,3919.00,5,2024-09-15 16:07:34
1831,8960,67488,1603.00,2,2024-09-15 16:07:34
1832,7923,9812,369.00,3,2024-09-15 16:07:34
1833,8191,59199,4587.00,2,2024-09-15 16:07:34
1834,8499,9774,3386.00,4,2024-09-15 16:07:34
1835,5650,65623,4884.00,3,2024-09-15 16:07:34
1836,7533,54334,4172.00,4,2024-09-15 16:07:34
1837,6010,63480,4463.00,4,2024-09-15 16:07:34
1838,8854,52825,1492.00,3,2024-09-15 16:07:34
1839,8860,48960,1741.00,4,2024-09-15 16:07:34
1840,5951,25294,3299.00,5,2024-09-15 16:07:34
1841,8692,59559,3459.00,5,2024-09-15 16:07:34
1842,7241,20809,993.00,2,2024-09-15 16:07:34
1843,5714,55132,1845.00,2,2024-09-15 16:07:34
1844,6139,51616,1139.00,2,2024-09-15 16:07:34
1845,5809,38941,111.00,3,2024-09-15 16:07:34
1846,7392,55987,3974.00,4,2024-09-15 16:07:34
1847,8417,12241,1882.00,4,2024-09-15 16:07:34
1848,8910,23657,3698.00,3,2024-09-15 16:07:34
1849,6521,43955,2873.00,3,2024-09-15 16:07:34
1850,7994,87117,2176.00,3,2024-09-15 16:07:34
1851,6390,58810,2830.00,1,2024-09-15 16:07:34
1852,6295,55547,282.00,5,2024-09-15 16:07:34
1853,6409,71152,4413.00,5,2024-09-15 16:07:34
1854,8580,13709,220.00,3,2024-09-15 16:07:34
1855,5633,73202,3415.00,5,2024-09-15 16:07:34
1856,5706,68512,317.00,2,2024-09-15 16:07:34
1857,8760,18075,2356.00,1,2024-09-15 16:07:34
1858,8603,75531,509.00,3,2024-09-15 16:07:34
1859,6013,56290,1456.00,2,2024-09-15 16:07:34
1860,7174,82448,1091.00,2,2024-09-15 16:07:34
1861,7974,59347,1131.00,4,2024-09-15 16:07:34
1862,7849,37628,2007.00,1,2024-09-15 16:07:34
1863,7981,16349,3451.00,4,2024-09-15 16:07:34
1864,7473,57072,2700.00,5,2024-09-15 16:07:34
1865,8294,64389,4058.00,2,2024-09-15 16:07:34
1866,6731,85324,4074.00,5,2024-09-15 16:07:34
1867,8487,51092,2260.00,1,2024-09-15 16:07:34
1868,7486,52843,1344.00,2,2024-09-15 16:07:34
1869,6329,89121,4682.00,1,2024-09-15 16:07:34
1870,8803,46669,310.00,4,2024-09-15 16:07:34
1871,8301,16069,1594.00,3,2024-09-15 16:07:34
1872,6833,16003,1482.00,1,2024-09-15 16:07:34
1873,6484,51614,3975.00,1,2024-09-15 16:07:34
1874,8940,35510,3715.00,2,2024-09-15 16:07:34
1875,8841,13700,4660.00,3,2024-09-15 16:07:34
1876,8885,9208,2901.00,2,2024-09-15 16:07:34
1877,8711,59393,3391.00,3,2024-09-15 16:07:34
1878,8407,59208,4725.00,2,2024-09-15 16:07:34
1879,8318,64929,4610.00,5,2024-09-15 16:07:34
1880,6218,7919,4495.00,2,2024-09-15 16:07:34
1881,7015,29297,3096.00,5,2024-09-15 16:07:34
1882,7491,67035,1434.00,2,2024-09-15 16:07:34
1883,6060,31084,227.00,2,2024-09-15 16:07:34
1884,7449,84864,3065.00,5,2024-09-15 16:07:34
1885,7890,63852,4621.00,1,2024-09-15 16:07:34
1886,7571,70458,1024.00,3,2024-09-15 16:07:34
1887,8251,86442,3029.00,4,2024-09-15 16:07:34
1888,7223,6418,2483.00,3,2024-09-15 16:07:34
1889,8895,50732,1729.00,5,2024-09-15 16:07:34
1890,7192,8054,918.00,2,2024-09-15 16:07:34
1891,7500,33769,3285.00,2,2024-09-15 16:07:34
1892,7594,67793,827.00,1,2024-09-15 16:07:34
1893,5861,17535,3973.00,5,2024-09-15 16:07:34
1894,5758,44801,294.00,2,2024-09-15 16:07:34
1895,6302,45226,1717.00,3,2024-09-15 16:07:34
1896,8915,56240,972.00,2,2024-09-15 16:07:34
1897,7003,10223,3186.00,4,2024-09-15 16:07:34
1898,8135,66313,4438.00,1,2024-09-15 16:07:34
1899,6047,89967,3056.00,5,2024-09-15 16:07:34
1900,6969,40096,1047.00,1,2024-09-15 16:07:34
1901,7142,54474,147.00,5,2024-09-15 16:07:34
1902,8962,70414,2618.00,1,2024-09-15 16:07:34
1903,7355,56037,1958.00,2,2024-09-15 16:07:34
1904,7277,66362,4321.00,5,2024-09-15 16:07:34
1905,6931,13357,4895.00,2,2024-09-15 16:07:34
1906,8894,21260,640.00,1,2024-09-15 16:07:34
1907,5683,57710,2310.00,1,2024-09-15 16:07:34
1908,8198,16985,758.00,1,2024-09-15 16:07:34
1909,6594,31387,1411.00,4,2024-09-15 16:07:34
1910,8146,3962,2768.00,4,2024-09-15 16:07:34
1911,7474,15021,654.00,5,2024-09-15 16:07:34
1912,5740,89750,1465.00,2,2024-09-15 16:07:34
1913,7384,87048,650.00,1,2024-09-15 16:07:34
1914,8460,61087,598.00,2,2024-09-15 16:07:34
1915,7840,16339,3143.00,2,2024-09-15 16:07:34
1916,7287,47779,1010.00,2,2024-09-15 16:07:34
1917,8822,33409,4683.00,4,2024-09-15 16:07:34
1918,8193,34528,2242.00,1,2024-09-15 16:07:34
1919,7566,14090,1137.00,2,2024-09-15 16:07:34
1920,6975,4905,1201.00,2,2024-09-15 16:07:34
1921,7745,3162,797.00,5,2024-09-15 16:07:34
1922,7897,47034,3578.00,1,2024-09-15 16:07:34
1923,8099,3754,1831.00,3,2024-09-15 16:07:34
1924,6916,70735,888.00,1,2024-09-15 16:07:34
1925,8987,79528,1188.00,5,2024-09-15 16:07:34
1926,8305,65337,3066.00,4,2024-09-15 16:07:34
1927,8342,87172,700.00,3,2024-09-15 16:07:34
1928,6050,57019,4182.00,5,2024-09-15 16:07:34
1929,8035,21305,4973.00,2,2024-09-15 16:07:34
1930,8862,88420,2956.00,3,2024-09-15 16:07:34
1931,7190,26746,2748.00,2,2024-09-15 16:07:34
1932,6600,57300,506.00,1,2024-09-15 16:07:34
1933,6189,79152,1118.00,2,2024-09-15 16:07:34
1934,8386,23486,3081.00,2,2024-09-15 16:07:34
1935,8560,1020,4247.00,4,2024-09-15 16:07:34
1936,6222,18886,1617.00,4,2024-09-15 16:07:34
1937,7513,6962,1319.00,5,2024-09-15 16:07:34
1938,6436,51930,3413.00,5,2024-09-15 16:07:34
1939,5931,64875,4912.00,1,2024-09-15 16:07:34
1940,8336,57331,4572.00,4,2024-09-15 16:07:34
1941,5834,82416,1877.00,3,2024-09-15 16:07:34
1942,8932,56992,4842.00,3,2024-09-15 16:07:34
1943,6646,14944,2428.00,1,2024-09-15 16:07:34
1944,7558,62394,2262.00,2,2024-09-15 16:07:34
1945,7978,75129,4189.00,1,2024-09-15 16:07:34
1946,6412,23910,938.00,4,2024-09-15 16:07:34
1947,7635,82420,4829.00,5,2024-09-15 16:07:34
1948,8804,22526,3116.00,2,2024-09-15 16:07:34
1949,8302,60859,1229.00,2,2024-09-15 16:07:34
1950,8820,27805,3202.00,5,2024-09-15 16:07:34
1951,7946,35603,2746.00,2,2024-09-15 16:07:34
1952,8817,19803,1233.00,3,2024-09-15 16:07:34
1953,5780,71185,1071.00,3,2024-09-15 16:07:34
1954,7470,82799,4979.00,4,2024-09-15 16:07:34
1955,6535,71872,895.00,3,2024-09-15 16:07:34
1956,6197,32376,698.00,4,2024-09-15 16:07:34
1957,6583,81091,4728.00,1,2024-09-15 16:07:34
1958,8666,35965,1369.00,4,2024-09-15 16:07:34
1959,5642,7121,4567.00,3,2024-09-15 16:07:34
1960,7302,6227,1683.00,3,2024-09-15 16:07:34
1961,6329,32555,4682.00,2,2024-09-15 16:07:34
1962,5804,88645,387.00,2,2024-09-15 16:07:34
1963,8284,21576,4455.00,5,2024-09-15 16:07:34
1964,6232,68173,3443.00,5,2024-09-15 16:07:34
1965,6187,6997,2864.00,4,2024-09-15 16:07:34
1966,5669,26570,1983.00,5,2024-09-15 16:07:34
1967,8076,4562,3401.00,2,2024-09-15 16:07:34
1968,6058,33803,57.00,2,2024-09-15 16:07:34
1969,5985,62600,653.00,2,2024-09-15 16:07:34
1970,7170,41976,1114.00,2,2024-09-15 16:07:34
1971,7501,76166,4392.00,5,2024-09-15 16:07:34
1972,5681,31623,1062.00,3,2024-09-15 16:07:34
1973,7536,30960,496.00,1,2024-09-15 16:07:34
1974,7983,85952,3339.00,3,2024-09-15 16:07:34
1975,8701,52948,3654.00,2,2024-09-15 16:07:34
1976,5958,44154,2683.00,4,2024-09-15 16:07:34
1977,6716,68618,3999.00,5,2024-09-15 16:07:34
1978,8731,45340,146.00,2,2024-09-15 16:07:34
1979,6314,38946,3725.00,3,2024-09-15 16:07:34
1980,8299,81467,3078.00,2,2024-09-15 16:07:34
1981,7648,46476,863.00,1,2024-09-15 16:07:34
1982,8953,88690,4840.00,1,2024-09-15 16:07:34
1983,5949,18707,2516.00,4,2024-09-15 16:07:34
1984,7962,27940,2130.00,4,2024-09-15 16:07:34
1985,7832,13471,3238.00,3,2024-09-15 16:07:34
1986,6087,32720,2008.00,1,2024-09-15 16:07:34
1987,8804,42809,3116.00,4,2024-09-15 16:07:34
1988,7745,28936,797.00,2,2024-09-15 16:07:34
1989,7260,56689,3291.00,3,2024-09-15 16:07:34
1990,6325,41311,4073.00,1,2024-09-15 16:07:34
1991,8817,3485,1233.00,3,2024-09-15 16:07:34
1992,6352,57987,738.00,5,2024-09-15 16:07:34
1993,7113,44406,3454.00,1,2024-09-15 16:07:34
1994,6805,37108,566.00,2,2024-09-15 16:07:34
1995,7270,38622,3389.00,2,2024-09-15 16:07:34
1996,6235,42490,1134.00,3,2024-09-15 16:07:34
1997,6857,14679,2237.00,1,2024-09-15 16:07:34
1998,7701,89368,802.00,4,2024-09-15 16:07:34
1999,6916,12096,888.00,3,2024-09-15 16:07:34
2000,8646,2533,579.00,5,2024-09-15 16:07:34
2001,7892,43212,560.00,2,2024-09-15 16:07:34
2002,7019,43364,2988.00,3,2024-09-15 16:07:34
2003,8052,32558,1214.00,1,2024-09-15 16:07:34
2004,7401,72327,3701.00,4,2024-09-15 16:07:34
2005,6784,18846,4430.00,4,2024-09-15 16:07:34
2006,8840,3746,4114.00,1,2024-09-15 16:07:34
2007,8683,69854,4416.00,5,2024-09-15 16:07:34
2008,6857,7475,2237.00,5,2024-09-15 16:07:34
2009,6636,55736,1767.00,2,2024-09-15 16:07:34
2010,7740,16069,4415.00,2,2024-09-15 16:07:34
2011,7109,59932,1086.00,2,2024-09-15 16:07:34
2012,7312,23511,2778.00,4,2024-09-15 16:07:34
2013,7826,87074,1188.00,2,2024-09-15 16:07:34
2014,6245,70536,527.00,3,2024-09-15 16:07:34
2015,6980,54019,2549.00,1,2024-09-15 16:07:34
2016,7518,37448,2570.00,1,2024-09-15 16:07:34
2017,6974,10906,2341.00,5,2024-09-15 16:07:34
2018,8158,52983,2310.00,1,2024-09-15 16:07:34
2019,6485,38320,2909.00,1,2024-09-15 16:07:34
2020,7518,21154,2570.00,5,2024-09-15 16:07:34
2021,7514,64981,1510.00,2,2024-09-15 16:07:34
2022,6503,19861,4635.00,3,2024-09-15 16:07:34
2023,6429,76822,1711.00,4,2024-09-15 16:07:34
2024,8130,33655,1095.00,4,2024-09-15 16:07:34
2025,6871,64820,1119.00,5,2024-09-15 16:07:34
2026,6926,20727,927.00,1,2024-09-15 16:07:34
2027,8660,52917,90.00,1,2024-09-15 16:07:34
2028,7031,28612,1513.00,1,2024-09-15 16:07:34
2029,7685,82086,280.00,5,2024-09-15 16:07:34
2030,7345,7192,143.00,2,2024-09-15 16:07:34
2031,7132,73390,1784.00,2,2024-09-15 16:07:34
2032,7348,58921,3009.00,1,2024-09-15 16:07:34
2033,8668,50098,176.00,1,2024-09-15 16:07:34
2034,5927,24065,897.00,1,2024-09-15 16:07:34
2035,8822,89511,4683.00,5,2024-09-15 16:07:34
2036,5845,24859,3593.00,4,2024-09-15 16:07:34
2037,7641,68052,3189.00,5,2024-09-15 16:07:34
2038,6879,20882,562.00,3,2024-09-15 16:07:34
2039,6635,58573,1173.00,4,2024-09-15 16:07:34
2040,8533,17505,1611.00,4,2024-09-15 16:07:34
2041,6259,57262,4028.00,4,2024-09-15 16:07:34
2042,7339,71132,4710.00,3,2024-09-15 16:07:34
2043,6309,16593,3195.00,3,2024-09-15 16:07:34
2044,7515,73347,612.00,2,2024-09-15 16:07:34
2045,6724,40916,4622.00,1,2024-09-15 16:07:34
2046,5966,88373,1318.00,3,2024-09-15 16:07:34
2047,6055,72057,3955.00,3,2024-09-15 16:07:34
2048,6131,26399,2011.00,2,2024-09-15 16:07:34
2049,8239,64719,4986.00,4,2024-09-15 16:07:34
2050,7883,35365,879.00,5,2024-09-15 16:07:34
2051,7342,55050,2062.00,5,2024-09-15 16:07:34
2052,7983,52938,3339.00,2,2024-09-15 16:07:34
2053,6499,74608,1503.00,1,2024-09-15 16:07:34
2054,7716,58212,3978.00,2,2024-09-15 16:07:34
2055,8139,60954,1250.00,1,2024-09-15 16:07:34
2056,8312,19489,973.00,1,2024-09-15 16:07:34
2057,5959,6072,1251.00,3,2024-09-15 16:07:34
2058,7024,22452,4383.00,2,2024-09-15 16:07:34
2059,6326,54649,1769.00,2,2024-09-15 16:07:34
2060,6499,51992,1503.00,2,2024-09-15 16:07:34
2061,6637,48892,3973.00,2,2024-09-15 16:07:34
2062,8627,61971,1536.00,5,2024-09-15 16:07:34
2063,7465,14048,2398.00,5,2024-09-15 16:07:34
2064,8210,86082,1454.00,1,2024-09-15 16:07:34
2065,6189,6961,1118.00,3,2024-09-15 16:07:34
2066,5736,40084,3481.00,2,2024-09-15 16:07:34
2067,5930,17668,438.00,1,2024-09-15 16:07:34
2068,8316,50475,1363.00,4,2024-09-15 16:07:34
2069,7459,69374,2499.00,2,2024-09-15 16:07:34
2070,8903,83329,2430.00,3,2024-09-15 16:07:34
2071,7249,12652,2763.00,3,2024-09-15 16:07:34
2072,7597,27787,4263.00,3,2024-09-15 16:07:34
2073,7685,75574,280.00,2,2024-09-15 16:07:34
2074,8712,78375,3036.00,2,2024-09-15 16:07:34
2075,7952,40535,1765.00,3,2024-09-15 16:07:34
2076,6032,55060,2910.00,4,2024-09-15 16:07:34
2077,6924,55502,3719.00,3,2024-09-15 16:07:34
2078,6776,4808,3128.00,3,2024-09-15 16:07:34
2079,7212,67852,2316.00,3,2024-09-15 16:07:34
2080,7432,76025,2649.00,3,2024-09-15 16:07:34
2081,5763,42816,1823.00,1,2024-09-15 16:07:34
2082,7278,35779,4740.00,4,2024-09-15 16:07:34
2083,8127,57957,3924.00,3,2024-09-15 16:07:34
2084,7117,75549,3432.00,3,2024-09-15 16:07:34
2085,8697,40890,4457.00,5,2024-09-15 16:07:34
2086,6143,72372,2633.00,2,2024-09-15 16:07:34
2087,7539,84832,3459.00,1,2024-09-15 16:07:34
2088,7831,83697,3709.00,1,2024-09-15 16:07:34
2089,6541,27593,4250.00,2,2024-09-15 16:07:34
2090,7460,7688,1455.00,1,2024-09-15 16:07:34
2091,8714,37356,3174.00,4,2024-09-15 16:07:34
2092,6060,40272,227.00,5,2024-09-15 16:07:34
2093,8166,84934,4644.00,5,2024-09-15 16:07:34
2094,5636,33733,212.00,3,2024-09-15 16:07:34
2095,7781,82453,3439.00,4,2024-09-15 16:07:34
2096,5643,56840,1619.00,1,2024-09-15 16:07:34
2097,5698,79739,900.00,3,2024-09-15 16:07:34
2098,7733,2487,2172.00,4,2024-09-15 16:07:34
2099,6421,31174,2645.00,1,2024-09-15 16:07:34
2100,6242,10584,1561.00,4,2024-09-15 16:07:34
2101,7113,23629,3454.00,4,2024-09-15 16:07:34
2102,8106,87551,769.00,3,2024-09-15 16:07:34
2103,6131,62945,2011.00,1,2024-09-15 16:07:34
2104,6866,44837,2869.00,1,2024-09-15 16:07:34
2105,6530,26428,3602.00,4,2024-09-15 16:07:34
2106,8131,80827,1511.00,5,2024-09-15 16:07:34
2107,5872,64690,196.00,4,2024-09-15 16:07:34
2108,7475,54429,3649.00,2,2024-09-15 16:07:34
2109,7381,11877,1243.00,1,2024-09-15 16:07:34
2110,5652,87986,90.00,5,2024-09-15 16:07:34
2111,7493,12525,432.00,2,2024-09-15 16:07:34
2112,6724,41187,4622.00,4,2024-09-15 16:07:34
2113,7411,67706,2679.00,1,2024-09-15 16:07:34
2114,8323,88362,755.00,2,2024-09-15 16:07:34
2115,6213,4774,4752.00,2,2024-09-15 16:07:34
2116,7068,7601,4323.00,1,2024-09-15 16:07:34
2117,6546,18703,4330.00,5,2024-09-15 16:07:34
2118,6245,60215,527.00,1,2024-09-15 16:07:34
2119,8699,9427,2016.00,3,2024-09-15 16:07:34
2120,8066,72232,3537.00,2,2024-09-15 16:07:34
2121,7419,25669,4383.00,1,2024-09-15 16:07:34
2122,5707,32346,3776.00,5,2024-09-15 16:07:34
2123,7976,40498,3490.00,3,2024-09-15 16:07:34
2124,6450,49801,2741.00,5,2024-09-15 16:07:34
2125,7320,2387,2892.00,2,2024-09-15 16:07:34
2126,7558,24979,2262.00,4,2024-09-15 16:07:34
2127,6963,8933,3423.00,2,2024-09-15 16:07:34
2128,7983,46027,3339.00,3,2024-09-15 16:07:34
2129,8608,9302,2097.00,5,2024-09-15 16:07:34
2130,7975,29079,176.00,5,2024-09-15 16:07:34
2131,6591,37528,709.00,2,2024-09-15 16:07:34
2132,8050,3968,91.00,2,2024-09-15 16:07:34
2133,7764,6189,3278.00,5,2024-09-15 16:07:34
2134,8055,22452,528.00,2,2024-09-15 16:07:34
2135,7592,60233,4297.00,1,2024-09-15 16:07:34
2136,7681,4365,704.00,3,2024-09-15 16:07:34
2137,7988,69321,637.00,2,2024-09-15 16:07:34
2138,8189,86355,366.00,1,2024-09-15 16:07:34
2139,8294,57310,4058.00,3,2024-09-15 16:07:34
2140,5916,9993,3661.00,3,2024-09-15 16:07:34
2141,7648,71817,863.00,2,2024-09-15 16:07:34
2142,7863,69412,3444.00,4,2024-09-15 16:07:34
2143,8411,20129,2828.00,5,2024-09-15 16:07:34
2144,6583,80731,4728.00,3,2024-09-15 16:07:34
2145,6033,52176,4726.00,1,2024-09-15 16:07:34
2146,5675,17205,3847.00,4,2024-09-15 16:07:34
2147,6929,25653,727.00,4,2024-09-15 16:07:34
2148,7462,49759,4065.00,3,2024-09-15 16:07:34
2149,7271,29373,2259.00,3,2024-09-15 16:07:34
2150,7439,40091,2279.00,5,2024-09-15 16:07:34
2151,8608,11386,2097.00,5,2024-09-15 16:07:34
2152,5734,10952,1750.00,2,2024-09-15 16:07:34
2153,6645,50104,3991.00,4,2024-09-15 16:07:34
2154,6320,23969,2958.00,4,2024-09-15 16:07:34
2155,8489,43702,252.00,5,2024-09-15 16:07:34
2156,6033,75751,4726.00,4,2024-09-15 16:07:34
2157,7874,87335,3290.00,4,2024-09-15 16:07:34
2158,7432,74635,2649.00,5,2024-09-15 16:07:34
2159,8707,58518,1708.00,3,2024-09-15 16:07:34
2160,7355,56872,1958.00,5,2024-09-15 16:07:34
2161,6360,61987,951.00,3,2024-09-15 16:07:34
2162,8773,74839,2289.00,3,2024-09-15 16:07:34
2163,5997,68652,3618.00,5,2024-09-15 16:07:34
2164,7132,63102,1784.00,1,2024-09-15 16:07:34
2165,6741,58863,445.00,1,2024-09-15 16:07:34
2166,8986,85531,4418.00,5,2024-09-15 16:07:34
2167,7833,6694,426.00,4,2024-09-15 16:07:34
2168,7675,13708,3649.00,1,2024-09-15 16:07:34
2169,5921,60071,2576.00,5,2024-09-15 16:07:34
2170,8500,11135,3600.00,2,2024-09-15 16:07:34
2171,6080,12823,3004.00,1,2024-09-15 16:07:34
2172,8192,4713,2559.00,3,2024-09-15 16:07:34
2173,8370,69831,2061.00,5,2024-09-15 16:07:34
2174,7584,64187,1453.00,1,2024-09-15 16:07:34
2175,8529,25733,3745.00,1,2024-09-15 16:07:34
2176,7667,72787,532.00,4,2024-09-15 16:07:34
2177,5866,25972,1848.00,2,2024-09-15 16:07:34
2178,6281,31009,2198.00,1,2024-09-15 16:07:34
2179,7227,60135,2005.00,5,2024-09-15 16:07:34
2180,8328,26246,1289.00,4,2024-09-15 16:07:34
2181,6511,24501,3019.00,3,2024-09-15 16:07:34
2182,6023,24658,1040.00,5,2024-09-15 16:07:34
2183,8394,73199,532.00,2,2024-09-15 16:07:34
2184,5681,34433,1062.00,2,2024-09-15 16:07:34
2185,8942,31750,2070.00,5,2024-09-15 16:07:34
2186,6512,66218,2443.00,4,2024-09-15 16:07:34
2187,6892,35153,2095.00,4,2024-09-15 16:07:34
2188,5805,19824,1638.00,3,2024-09-15 16:07:34
2189,6617,89157,301.00,3,2024-09-15 16:07:34
2190,8543,6237,1135.00,1,2024-09-15 16:07:34
2191,7836,86811,4633.00,2,2024-09-15 16:07:34
2192,8847,81398,2417.00,1,2024-09-15 16:07:34
2193,8459,27166,3228.00,1,2024-09-15 16:07:34
2194,7063,44229,1340.00,1,2024-09-15 16:07:34
2195,7255,44443,334.00,4,2024-09-15 16:07:34
2196,8878,47064,1903.00,3,2024-09-15 16:07:34
2197,8277,60415,4908.00,4,2024-09-15 16:07:34
2198,5849,15345,314.00,4,2024-09-15 16:07:34
2199,7910,75334,908.00,3,2024-09-15 16:07:34
2200,6165,54841,1729.00,2,2024-09-15 16:07:34
2201,6222,58086,1617.00,3,2024-09-15 16:07:34
2202,8697,89554,4457.00,1,2024-09-15 16:07:34
2203,6570,5435,446.00,4,2024-09-15 16:07:34
2204,7066,3204,881.00,3,2024-09-15 16:07:34
2205,8841,3578,4660.00,1,2024-09-15 16:07:34
2206,6920,47489,3856.00,3,2024-09-15 16:07:34
2207,8541,5956,1527.00,1,2024-09-15 16:07:34
2208,6326,49881,1769.00,1,2024-09-15 16:07:34
2209,7176,12230,3494.00,1,2024-09-15 16:07:34
2210,6289,85589,500.00,2,2024-09-15 16:07:34
2211,5912,88851,4662.00,1,2024-09-15 16:07:34
2212,7543,3390,2012.00,3,2024-09-15 16:07:34
2213,7256,46038,3566.00,4,2024-09-15 16:07:34
2214,8962,53045,2618.00,3,2024-09-15 16:07:34
2215,8271,55803,1048.00,1,2024-09-15 16:07:34
2216,7320,34362,2892.00,1,2024-09-15 16:07:34
2217,6215,3120,3095.00,5,2024-09-15 16:07:34
2218,7331,83757,1073.00,3,2024-09-15 16:07:34
2219,6231,83941,680.00,1,2024-09-15 16:07:34
2220,8352,85011,3976.00,2,2024-09-15 16:07:34
2221,7552,5184,1555.00,3,2024-09-15 16:07:34
2222,6528,63556,4865.00,1,2024-09-15 16:07:34
2223,6728,48200,1956.00,3,2024-09-15 16:07:34
2224,6275,69923,1320.00,1,2024-09-15 16:07:34
2225,6989,60231,1393.00,2,2024-09-15 16:07:34
2226,8894,62400,640.00,3,2024-09-15 16:07:34
2227,7453,29534,3327.00,4,2024-09-15 16:07:34
2228,7501,52764,4392.00,2,2024-09-15 16:07:34
2229,8679,7156,3136.00,4,2024-09-15 16:07:34
2230,8357,50796,2924.00,4,2024-09-15 16:07:34
2231,6432,80871,2517.00,4,2024-09-15 16:07:34
2232,8324,24792,3654.00,5,2024-09-15 16:07:34
2233,6952,85882,1092.00,1,2024-09-15 16:07:34
2234,6587,85475,1112.00,1,2024-09-15 16:07:34
2235,7071,2529,1727.00,2,2024-09-15 16:07:34
2236,8981,54345,3089.00,2,2024-09-15 16:07:34
2237,6778,44005,3441.00,1,2024-09-15 16:07:34
2238,7745,38957,797.00,2,2024-09-15 16:07:34
2239,7261,32762,1168.00,2,2024-09-15 16:07:34
2240,8177,33263,3101.00,5,2024-09-15 16:07:34
2241,8692,65392,3459.00,4,2024-09-15 16:07:34
2242,7820,57475,2287.00,3,2024-09-15 16:07:34
2243,6103,58455,1818.00,3,2024-09-15 16:07:34
2244,8566,30676,4475.00,4,2024-09-15 16:07:34
2245,7042,56467,574.00,1,2024-09-15 16:07:34
2246,6415,47806,1824.00,4,2024-09-15 16:07:34
2247,8411,32526,2828.00,4,2024-09-15 16:07:34
2248,6033,85901,4726.00,3,2024-09-15 16:07:34
2249,6514,22160,4743.00,4,2024-09-15 16:07:34
2250,6929,39051,727.00,4,2024-09-15 16:07:34
2251,8490,8315,4687.00,1,2024-09-15 16:07:34
2252,6776,50543,3128.00,4,2024-09-15 16:07:34
2253,5902,79848,1824.00,2,2024-09-15 16:07:34
2254,5639,68862,2579.00,4,2024-09-15 16:07:34
2255,6126,70886,3672.00,1,2024-09-15 16:07:34
2256,5744,13210,4349.00,3,2024-09-15 16:07:34
2257,8636,82316,570.00,2,2024-09-15 16:07:34
2258,8162,68011,3014.00,4,2024-09-15 16:07:34
2259,7867,44140,4317.00,5,2024-09-15 16:07:34
2260,6600,15682,506.00,3,2024-09-15 16:07:34
2261,8438,4610,2079.00,1,2024-09-15 16:07:34
2262,8316,17932,1363.00,1,2024-09-15 16:07:34
2263,7853,26105,2015.00,3,2024-09-15 16:07:34
2264,5654,47159,3861.00,4,2024-09-15 16:07:34
2265,7074,70672,2876.00,1,2024-09-15 16:07:34
2266,8246,5287,2397.00,5,2024-09-15 16:07:34
2267,7536,17616,496.00,4,2024-09-15 16:07:34
2268,6850,65948,716.00,3,2024-09-15 16:07:34
2269,6518,60386,2159.00,3,2024-09-15 16:07:34
2270,6903,85258,1002.00,3,2024-09-15 16:07:34
2271,7066,76737,881.00,1,2024-09-15 16:07:34
2272,8964,61543,314.00,2,2024-09-15 16:07:34
2273,7176,38952,3494.00,3,2024-09-15 16:07:34
2274,5995,71676,3271.00,2,2024-09-15 16:07:34
2275,6189,24627,1118.00,2,2024-09-15 16:07:34
2276,7001,89750,1912.00,4,2024-09-15 16:07:34
2277,5787,65216,3832.00,2,2024-09-15 16:07:34
2278,6013,20491,1456.00,5,2024-09-15 16:07:34
2279,6339,26204,1888.00,5,2024-09-15 16:07:34
2280,6542,18717,4803.00,3,2024-09-15 16:07:34
2281,6362,24772,3625.00,4,2024-09-15 16:07:34
2282,8136,48020,1755.00,2,2024-09-15 16:07:34
2283,8716,72079,2377.00,2,2024-09-15 16:07:34
2284,6509,86314,3121.00,3,2024-09-15 16:07:34
2285,8556,59101,1665.00,1,2024-09-15 16:07:34
2286,7722,85638,150.00,5,2024-09-15 16:07:34
2287,8784,2881,2613.00,2,2024-09-15 16:07:34
2288,7125,46608,1640.00,1,2024-09-15 16:07:34
2289,6275,10021,1320.00,3,2024-09-15 16:07:34
2290,7756,46361,4307.00,3,2024-09-15 16:07:34
2291,8772,63022,3537.00,5,2024-09-15 16:07:34
2292,8284,76259,4455.00,3,2024-09-15 16:07:34
2293,6586,69747,3791.00,3,2024-09-15 16:07:34
2294,7357,67491,3198.00,4,2024-09-15 16:07:34
2295,5857,69037,1795.00,5,2024-09-15 16:07:34
2296,6411,78183,2020.00,3,2024-09-15 16:07:34
2297,8974,25962,4640.00,2,2024-09-15 16:07:34
2298,8369,2527,4173.00,4,2024-09-15 16:07:34
2299,7077,49020,2314.00,4,2024-09-15 16:07:34
2300,5963,73892,1205.00,3,2024-09-15 16:07:34
2301,7414,16413,1866.00,5,2024-09-15 16:07:34
2302,6464,21827,4954.00,4,2024-09-15 16:07:34
2303,8146,2723,2768.00,1,2024-09-15 16:07:34
2304,5735,49098,1843.00,3,2024-09-15 16:07:34
2305,6610,7765,1539.00,4,2024-09-15 16:07:34
2306,6835,3172,1513.00,3,2024-09-15 16:07:34
2307,6719,38334,4217.00,5,2024-09-15 16:07:34
2308,7427,35744,1845.00,4,2024-09-15 16:07:34
2309,5806,9401,3404.00,2,2024-09-15 16:07:34
2310,5769,31735,1380.00,1,2024-09-15 16:07:34
2311,6310,2619,167.00,4,2024-09-15 16:07:34
2312,6337,77074,3709.00,2,2024-09-15 16:07:34
2313,7422,76329,2876.00,4,2024-09-15 16:07:34
2314,6778,16239,3441.00,1,2024-09-15 16:07:34
2315,8586,16721,3554.00,5,2024-09-15 16:07:34
2316,8844,41611,3496.00,5,2024-09-15 16:07:34
2317,7088,78480,4432.00,3,2024-09-15 16:07:34
2318,5995,14722,3271.00,2,2024-09-15 16:07:34
2319,8079,67496,4079.00,4,2024-09-15 16:07:34
2320,6575,1137,2483.00,5,2024-09-15 16:07:34
2321,7852,6984,70.00,5,2024-09-15 16:07:34
2322,7350,73292,2309.00,3,2024-09-15 16:07:34
2323,7293,39935,1826.00,2,2024-09-15 16:07:34
2324,6535,63506,895.00,5,2024-09-15 16:07:34
2325,7626,1356,1204.00,2,2024-09-15 16:07:34
2326,8888,26036,4433.00,5,2024-09-15 16:07:34
2327,7625,21937,4466.00,5,2024-09-15 16:07:34
2328,8947,12594,2257.00,4,2024-09-15 16:07:34
2329,8885,11474,2901.00,3,2024-09-15 16:07:34
2330,8385,11959,1735.00,1,2024-09-15 16:07:34
2331,7680,25516,973.00,2,2024-09-15 16:07:34
2332,7024,68364,4383.00,2,2024-09-15 16:07:34
2333,8301,58731,1594.00,4,2024-09-15 16:07:34
2334,6587,43673,1112.00,3,2024-09-15 16:07:34
2335,6914,76787,3569.00,1,2024-09-15 16:07:34
2336,6591,20742,709.00,1,2024-09-15 16:07:34
2337,7172,333,2824.00,1,2024-09-15 16:07:34
2338,5998,26410,1745.00,1,2024-09-15 16:07:34
2339,7655,59903,1665.00,5,2024-09-15 16:07:34
2340,7490,24794,2409.00,2,2024-09-15 16:07:34
2341,5770,28277,80.00,3,2024-09-15 16:07:34
2342,7509,85361,2122.00,2,2024-09-15 16:07:34
2343,6038,23399,1436.00,4,2024-09-15 16:07:34
2344,8631,3109,1717.00,3,2024-09-15 16:07:34
2345,8566,86023,4475.00,4,2024-09-15 16:07:34
2346,6998,41322,764.00,1,2024-09-15 16:07:34
2347,7206,50352,2872.00,3,2024-09-15 16:07:34
2348,8692,32228,3459.00,4,2024-09-15 16:07:34
2349,7172,41840,2824.00,3,2024-09-15 16:07:34
2350,8851,48955,111.00,5,2024-09-15 16:07:34
2351,8037,11577,1765.00,2,2024-09-15 16:07:34
2352,6897,70385,4787.00,4,2024-09-15 16:07:34
2353,5600,12625,3210.00,5,2024-09-15 16:07:34
2354,7031,71555,1513.00,2,2024-09-15 16:07:34
2355,8858,30179,4908.00,2,2024-09-15 16:07:34
2356,7504,4853,3865.00,3,2024-09-15 16:07:34
2357,7714,19524,1667.00,3,2024-09-15 16:07:34
2358,7214,13962,447.00,4,2024-09-15 16:07:34
2359,6166,73032,3917.00,4,2024-09-15 16:07:34
2360,5660,60379,1755.00,2,2024-09-15 16:07:34
2361,8620,89949,2982.00,5,2024-09-15 16:07:34
2362,8992,77255,474.00,1,2024-09-15 16:07:34
2363,6200,17771,3041.00,2,2024-09-15 16:07:34
2364,7951,71422,3892.00,4,2024-09-15 16:07:34
2365,8910,60264,3698.00,5,2024-09-15 16:07:34
2366,7528,68619,2523.00,3,2024-09-15 16:07:34
2367,8067,47397,1814.00,2,2024-09-15 16:07:34
2368,8798,82992,1864.00,3,2024-09-15 16:07:34
2369,6874,5987,2817.00,1,2024-09-15 16:07:34
2370,8064,12385,58.00,4,2024-09-15 16:07:34
2371,6323,39464,3461.00,1,2024-09-15 16:07:34
2372,6530,48919,3602.00,5,2024-09-15 16:07:34
2373,6595,32274,3443.00,2,2024-09-15 16:07:34
2374,6538,9475,2256.00,1,2024-09-15 16:07:34
2375,7658,47764,4488.00,4,2024-09-15 16:07:34
2376,7850,54481,164.00,1,2024-09-15 16:07:34
2377,6078,54214,2684.00,1,2024-09-15 16:07:34
2378,8338,14293,3386.00,3,2024-09-15 16:07:34
2379,6597,65569,3639.00,2,2024-09-15 16:07:34
2380,7513,55125,1319.00,5,2024-09-15 16:07:34
2381,5624,72970,1621.00,4,2024-09-15 16:07:34
2382,5839,22973,3470.00,4,2024-09-15 16:07:34
2383,8975,54435,4139.00,5,2024-09-15 16:07:34
2384,7756,23408,4307.00,2,2024-09-15 16:07:34
2385,8667,80291,1469.00,2,2024-09-15 16:07:34
2386,8918,58690,2420.00,2,2024-09-15 16:07:34
2387,7976,87469,3490.00,3,2024-09-15 16:07:34
2388,8264,44666,1183.00,3,2024-09-15 16:07:34
2389,7261,84423,1168.00,3,2024-09-15 16:07:34
2390,5602,6743,215.00,4,2024-09-15 16:07:34
2391,6504,61398,4418.00,5,2024-09-15 16:07:34
2392,8318,10146,4610.00,4,2024-09-15 16:07:34
2393,8104,89742,2176.00,1,2024-09-15 16:07:34
2394,6279,39837,2128.00,5,2024-09-15 16:07:34
2395,6970,77869,4329.00,1,2024-09-15 16:07:34
2396,8284,25354,4455.00,1,2024-09-15 16:07:34
2397,5864,55780,4337.00,4,2024-09-15 16:07:34
2398,6518,69869,2159.00,1,2024-09-15 16:07:34
2399,8064,55486,58.00,4,2024-09-15 16:07:34
2400,6362,74458,3625.00,4,2024-09-15 16:07:34
2401,8266,63418,657.00,3,2024-09-15 16:07:34
2402,6087,45091,2008.00,4,2024-09-15 16:07:34
2403,5602,56685,215.00,1,2024-09-15 16:07:34
2404,7641,51109,3189.00,2,2024-09-15 16:07:34
2405,7342,21407,2062.00,1,2024-09-15 16:07:34
2406,8239,80480,4986.00,5,2024-09-15 16:07:34
2407,8484,68870,4365.00,4,2024-09-15 16:07:34
2408,6189,30731,1118.00,3,2024-09-15 16:07:34
2409,8224,28904,75.00,4,2024-09-15 16:07:34
2410,8352,35149,3976.00,1,2024-09-15 16:07:34
2411,8392,29450,4341.00,2,2024-09-15 16:07:34
2412,7217,78770,715.00,1,2024-09-15 16:07:34
2413,8285,3482,4213.00,4,2024-09-15 16:07:34
2414,6713,17268,3335.00,4,2024-09-15 16:07:34
2415,7776,77296,4420.00,5,2024-09-15 16:07:34
2416,7152,40525,2641.00,5,2024-09-15 16:07:34
2417,7629,66628,4214.00,5,2024-09-15 16:07:34
2418,8025,64915,4688.00,2,2024-09-15 16:07:34
2419,7896,31416,3911.00,5,2024-09-15 16:07:34
2420,6301,26575,2446.00,4,2024-09-15 16:07:34
2421,7796,34452,3527.00,5,2024-09-15 16:07:34
2422,7633,54013,3635.00,5,2024-09-15 16:07:34
2423,7833,70944,426.00,2,2024-09-15 16:07:34
2424,6204,32968,4152.00,5,2024-09-15 16:07:34
2425,6619,26157,3682.00,2,2024-09-15 16:07:34
2426,8382,53262,3712.00,2,2024-09-15 16:07:34
2427,8188,15569,3539.00,4,2024-09-15 16:07:34
2428,7829,21287,3757.00,1,2024-09-15 16:07:34
2429,5941,17888,3577.00,1,2024-09-15 16:07:34
2430,7888,37349,2561.00,4,2024-09-15 16:07:34
2431,8094,12341,858.00,4,2024-09-15 16:07:34
2432,7572,71896,3681.00,2,2024-09-15 16:07:34
2433,8587,83425,145.00,5,2024-09-15 16:07:34
2434,7628,50174,2372.00,5,2024-09-15 16:07:34
2435,5799,1708,3939.00,4,2024-09-15 16:07:34
2436,6367,17141,3030.00,3,2024-09-15 16:07:34
2437,7606,81585,2228.00,3,2024-09-15 16:07:34
2438,8501,89352,1814.00,2,2024-09-15 16:07:34
2439,6728,74950,1956.00,4,2024-09-15 16:07:34
2440,7186,43311,2691.00,1,2024-09-15 16:07:34
2441,6748,77689,2821.00,5,2024-09-15 16:07:34
2442,7332,7560,3331.00,4,2024-09-15 16:07:34
2443,6486,34782,434.00,3,2024-09-15 16:07:34
2444,6147,89509,1026.00,5,2024-09-15 16:07:34
2445,8901,20547,3308.00,2,2024-09-15 16:07:34
2446,7159,74809,4352.00,5,2024-09-15 16:07:34
2447,6956,39363,994.00,4,2024-09-15 16:07:34
2448,6984,86682,3325.00,1,2024-09-15 16:07:34
2449,8600,64804,4009.00,1,2024-09-15 16:07:34
2450,6525,48691,113.00,5,2024-09-15 16:07:34
2451,8708,78695,3089.00,1,2024-09-15 16:07:34
2452,6253,9323,1763.00,1,2024-09-15 16:07:34
2453,8540,2648,1494.00,3,2024-09-15 16:07:34
2454,7146,17951,2797.00,4,2024-09-15 16:07:34
2455,6160,7091,93.00,1,2024-09-15 16:07:34
2456,6652,17175,58.00,1,2024-09-15 16:07:34
2457,7987,7988,1535.00,5,2024-09-15 16:07:34
2458,7928,87569,3451.00,4,2024-09-15 16:07:34
2459,5864,25244,4337.00,1,2024-09-15 16:07:34
2460,7960,394,321.00,4,2024-09-15 16:07:34
2461,6725,6231,4797.00,5,2024-09-15 16:07:34
2462,8492,61657,4091.00,4,2024-09-15 16:07:34
2463,5600,47305,3210.00,3,2024-09-15 16:07:34
2464,7759,8496,1907.00,5,2024-09-15 16:07:34
2465,6983,71771,1774.00,5,2024-09-15 16:07:34
2466,8712,73078,3036.00,2,2024-09-15 16:07:34
2467,6743,46974,3841.00,1,2024-09-15 16:07:34
2468,8826,19053,2690.00,3,2024-09-15 16:07:34
2469,5600,78377,3210.00,2,2024-09-15 16:07:34
2470,8233,46024,1789.00,5,2024-09-15 16:07:34
2471,7119,88720,2613.00,2,2024-09-15 16:07:34
2472,7815,6008,1846.00,5,2024-09-15 16:07:34
2473,6071,80196,2002.00,4,2024-09-15 16:07:34
2474,5910,8458,4876.00,2,2024-09-15 16:07:34
2475,7892,89114,560.00,4,2024-09-15 16:07:34
2476,8359,87647,1590.00,3,2024-09-15 16:07:34
2477,6369,59946,810.00,1,2024-09-15 16:07:34
2478,7294,44177,2214.00,5,2024-09-15 16:07:34
2479,8177,18677,3101.00,5,2024-09-15 16:07:34
2480,6610,24737,1539.00,3,2024-09-15 16:07:34
2481,6357,3961,2732.00,4,2024-09-15 16:07:34
2482,5971,37276,1268.00,5,2024-09-15 16:07:34
2483,6707,16343,4743.00,1,2024-09-15 16:07:34
2484,7028,39395,2619.00,2,2024-09-15 16:07:34
2485,5975,5532,1228.00,1,2024-09-15 16:07:34
2486,7820,28924,2287.00,2,2024-09-15 16:07:34
2487,8410,60026,2669.00,1,2024-09-15 16:07:34
2488,7110,14842,4974.00,1,2024-09-15 16:07:34
2489,8769,58969,3913.00,5,2024-09-15 16:07:34
2490,7378,17272,4270.00,2,2024-09-15 16:07:34
2491,7033,52619,540.00,3,2024-09-15 16:07:34
2492,6854,50501,1863.00,3,2024-09-15 16:07:34
2493,5872,83394,196.00,3,2024-09-15 16:07:34
2494,5787,20311,3832.00,3,2024-09-15 16:07:34
2495,8012,85816,4606.00,1,2024-09-15 16:07:34
2496,5787,56133,3832.00,5,2024-09-15 16:07:34
2497,6181,37876,986.00,3,2024-09-15 16:07:34
2498,8668,24025,176.00,3,2024-09-15 16:07:34
2499,7338,78822,57.00,4,2024-09-15 16:07:34
2500,6814,50471,2797.00,4,2024-09-15 16:07:34
2501,7761,79923,4701.00,1,2024-09-15 16:07:34
2502,8352,53363,3976.00,1,2024-09-15 16:07:34
2503,8431,26437,294.00,1,2024-09-15 16:07:34
2504,7403,10986,4216.00,2,2024-09-15 16:07:34
2505,7584,42647,1453.00,4,2024-09-15 16:07:34
2506,8532,54034,937.00,3,2024-09-15 16:07:34
2507,5804,27311,387.00,1,2024-09-15 16:07:34
2508,8087,3490,2732.00,4,2024-09-15 16:07:34
2509,8590,41231,1179.00,3,2024-09-15 16:07:34
2510,6602,16789,565.00,4,2024-09-15 16:07:34
2511,7380,16990,1461.00,4,2024-09-15 16:07:34
2512,6666,89011,296.00,1,2024-09-15 16:07:34
2513,7088,12026,4432.00,5,2024-09-15 16:07:34
2514,6013,8845,1456.00,1,2024-09-15 16:07:34
2515,6914,45648,3569.00,2,2024-09-15 16:07:34
2516,7501,45257,4392.00,4,2024-09-15 16:07:34
2517,6097,27879,449.00,1,2024-09-15 16:07:34
2518,8624,7192,3573.00,2,2024-09-15 16:07:34
2519,6882,27440,2740.00,3,2024-09-15 16:07:34
2520,8347,9055,4404.00,4,2024-09-15 16:07:34
2521,7132,18273,1784.00,5,2024-09-15 16:07:34
2522,8895,63524,1729.00,1,2024-09-15 16:07:34
2523,6231,48690,680.00,3,2024-09-15 16:07:34
2524,7878,22156,3273.00,2,2024-09-15 16:07:34
2525,8694,12008,1304.00,5,2024-09-15 16:07:34
2526,8370,14400,2061.00,5,2024-09-15 16:07:34
2527,5963,26502,1205.00,1,2024-09-15 16:07:34
2528,6833,45707,1482.00,1,2024-09-15 16:07:34
2529,8881,56329,2296.00,2,2024-09-15 16:07:34
2530,6413,54053,2812.00,1,2024-09-15 16:07:34
2531,5960,88196,1126.00,3,2024-09-15 16:07:34
2532,7215,58112,2535.00,1,2024-09-15 16:07:34
2533,6147,31121,1026.00,3,2024-09-15 16:07:34
2534,5731,62933,2178.00,2,2024-09-15 16:07:34
2535,8324,956,3654.00,2,2024-09-15 16:07:34
2536,8094,35933,858.00,5,2024-09-15 16:07:34
2537,7480,65600,1952.00,1,2024-09-15 16:07:34
2538,6080,63852,3004.00,1,2024-09-15 16:07:34
2539,7524,8051,3627.00,2,2024-09-15 16:07:34
2540,6003,51334,1641.00,4,2024-09-15 16:07:34
2541,8300,30197,4712.00,5,2024-09-15 16:07:34
2542,8818,13895,548.00,4,2024-09-15 16:07:34
2543,5909,38819,1235.00,4,2024-09-15 16:07:34
2544,6303,4938,2098.00,1,2024-09-15 16:07:34
2545,8921,55265,473.00,5,2024-09-15 16:07:34
2546,8655,32950,3957.00,5,2024-09-15 16:07:34
2547,8399,69823,563.00,5,2024-09-15 16:07:34
2548,6663,66222,3833.00,1,2024-09-15 16:07:34
2549,6008,11776,648.00,3,2024-09-15 16:07:34
2550,8716,47155,2377.00,2,2024-09-15 16:07:34
2551,6450,6724,2741.00,3,2024-09-15 16:07:34
2552,6774,39051,4844.00,4,2024-09-15 16:07:34
2553,6912,84199,1449.00,1,2024-09-15 16:07:34
2554,8280,71453,490.00,4,2024-09-15 16:07:34
2555,7669,76645,2067.00,1,2024-09-15 16:07:34
2556,8092,89844,1942.00,1,2024-09-15 16:07:34
2557,6956,56469,994.00,3,2024-09-15 16:07:34
2558,7437,17414,2483.00,5,2024-09-15 16:07:34
2559,7616,37989,1770.00,5,2024-09-15 16:07:34
2560,8374,3769,3037.00,5,2024-09-15 16:07:34
2561,7537,20102,1811.00,4,2024-09-15 16:07:34
2562,7598,37842,109.00,2,2024-09-15 16:07:34
2563,8192,85138,2559.00,1,2024-09-15 16:07:34
2564,6199,43826,2746.00,3,2024-09-15 16:07:34
2565,6630,60024,1621.00,3,2024-09-15 16:07:34
2566,6453,37171,1318.00,1,2024-09-15 16:07:34
2567,6938,39531,3308.00,2,2024-09-15 16:07:34
2568,7439,51280,2279.00,4,2024-09-15 16:07:34
2569,8628,35788,1681.00,1,2024-09-15 16:07:34
2570,7244,19357,4243.00,2,2024-09-15 16:07:34
2571,8976,74025,3289.00,3,2024-09-15 16:07:34
2572,6909,43000,3620.00,3,2024-09-15 16:07:34
2573,7680,17550,973.00,5,2024-09-15 16:07:34
2574,6485,22178,2909.00,3,2024-09-15 16:07:34
2575,6157,89617,218.00,4,2024-09-15 16:07:34
2576,8299,57818,3078.00,3,2024-09-15 16:07:34
2577,6365,38264,1954.00,1,2024-09-15 16:07:34
2578,6601,79388,4661.00,2,2024-09-15 16:07:34
2579,8603,60307,509.00,1,2024-09-15 16:07:34
2580,7362,10341,1101.00,3,2024-09-15 16:07:34
2581,8477,83303,1235.00,2,2024-09-15 16:07:34
2582,8959,55581,2188.00,1,2024-09-15 16:07:34
2583,6866,26635,2869.00,2,2024-09-15 16:07:34
2584,5927,3231,897.00,1,2024-09-15 16:07:34
2585,7553,64293,3646.00,2,2024-09-15 16:07:34
2586,5794,87141,314.00,4,2024-09-15 16:07:34
2587,6521,6513,2873.00,5,2024-09-15 16:07:34
2588,7173,46368,3630.00,4,2024-09-15 16:07:34
2589,6220,29231,1015.00,4,2024-09-15 16:07:34
2590,5956,5924,2731.00,5,2024-09-15 16:07:34
2591,6023,44868,1040.00,5,2024-09-15 16:07:34
2592,8107,44279,4168.00,3,2024-09-15 16:07:34
2593,7840,6532,3143.00,2,2024-09-15 16:07:34
2594,6334,28924,3008.00,3,2024-09-15 16:07:34
2595,8712,23664,3036.00,5,2024-09-15 16:07:34
2596,7218,47301,3326.00,5,2024-09-15 16:07:34
2597,7840,73839,3143.00,5,2024-09-15 16:07:34
2598,6442,46967,4387.00,1,2024-09-15 16:07:34
2599,7505,26114,2989.00,5,2024-09-15 16:07:34
2600,8681,65392,2170.00,3,2024-09-15 16:07:34
2601,6194,20381,3580.00,1,2024-09-15 16:07:34
2602,5966,39624,1318.00,5,2024-09-15 16:07:34
2603,8708,2360,3089.00,1,2024-09-15 16:07:34
2604,6991,41176,1119.00,3,2024-09-15 16:07:34
2605,8711,63757,3391.00,2,2024-09-15 16:07:34
